SepalLengthCm,SepalWidthCm,PetalLengthCm,PetalWidthCm,Species
5.18628506100579,3.45934441030806,1.485869946387513,0.1588878525512982,0.0
4.836780275075183,3.0557156790887565,1.5214260372698452,0.299810320481746,0.0
4.684502713359857,3.175766577553394,1.2664419627697412,0.2329149924824778,0.0
4.638798875265312,3.0748038124089074,1.5739479127594578,0.1756521006875081,0.0
5.000787494512584,3.621034190318949,1.492369791890675,0.2043837565443464,0.0
5.474740269781588,3.749553738386439,1.6904393690300756,0.4632911445917502,0.0
4.707611035291743,3.4100030436906845,1.3406088807214835,0.2934119651113573,0.0
4.977165772383138,3.466190812055362,1.50389279792349,0.2513516440779207,0.0
4.475346950173666,2.9644823999497367,1.3582078988178692,0.2247097936272222,0.0
4.90486364655544,3.137719528916146,1.4900064345522042,0.1320056870416396,0.0
5.35012468951623,3.723804013390546,1.4487591099562125,0.2493910458366448,0.0
4.779555154593222,3.380098480183211,1.6746950249211443,0.2216678010526582,0.0
4.7619742516673496,3.031463317897312,1.407173198753141,0.1088281758616794,0.0
4.320647350258078,2.957033704180726,1.0955423479605575,0.1444963858243491,0.0
5.751266131625553,3.998123808908144,1.1419664364277222,0.1653864291430332,0.0
5.691116043403167,4.185203865528097,1.5172277550992948,0.390106430676693,0.0
5.386927937852841,3.9206569813199614,1.3303424092146776,0.4210206556693523,0.0
5.220108188665107,3.500254313251724,1.3437753029962585,0.2808961631907554,0.0
5.701927243277262,3.797202179736992,1.6171435044111473,0.2882654400870953,0.0
5.07886241180117,3.733928472253576,1.465545436585407,0.3647899756005183,0.0
5.420305893143111,3.5419919242211138,1.692691212158784,0.2492666639773676,0.0
5.129053944022713,3.727457887621586,1.4148296975079275,0.3454402369047947,0.0
4.607561995512944,3.618278521916676,0.9564054363719532,0.217930995058933,0.0
5.131871314977436,3.3118706790267063,1.681639638760947,0.5815203957781075,0.0
4.861404354375865,3.398722655730826,1.9424949367302704,0.2161847400197509,0.0
4.992143567777005,2.938559872503585,1.5944177590198527,0.1420917093742185,0.0
4.97015363915776,3.404127774114587,1.5041827923085345,0.4467274793329638,0.0
5.094150403572575,3.450280863475711,1.5074577501793007,0.1842402582429997,0.0
5.224315303258512,3.390863432546431,1.508364509842091,0.1970904776388295,0.0
4.688979138649402,3.1271463959323564,1.6904776787256088,0.3830988068199372,0.0
4.699852753780225,3.072186557541699,1.6353000893655198,0.2085926053433527,0.0
5.356169062758109,3.3567643192351664,1.4872887031902666,0.348358551255762,0.0
5.116269291797488,4.0524684038192325,1.524093153769664,0.0529672097621748,0.0
5.534305068231741,4.185203865528097,1.320574993084522,0.184146936523931,0.0
4.909236749705229,3.1615374932381823,1.4753890368946128,0.0666883888313345,0.0
5.022032149720182,3.154573422554875,1.116073878732284,0.1114103947321556,0.0
5.514842149033496,3.562070438198411,1.274122367120624,0.2230195341283321,0.0
4.913522386291641,3.207781366329744,1.46324212697677,0.0471976559673323,0.0
4.5063760037532425,3.0440747633559737,1.3639117263900482,0.2454295511191872,0.0
5.036520255876026,3.476203874317366,1.535589684448608,0.225543533861696,0.0
4.953990775951432,3.5067276450771576,1.3487254890077818,0.3277605290514694,0.0
4.427916436905386,2.3139328447203003,1.311451867839219,0.3310063280137573,0.0
4.398945414518908,3.1675967983227777,1.2581452672546902,0.1228027532164324,0.0
5.020730608887188,3.384531610967779,1.619883893097929,0.6620501075857783,0.0
5.123354090599198,3.9224275585085215,1.928356083428074,0.3035542575692594,0.0
4.7760550585187245,2.9554441416349446,1.3505729355581175,0.2507608129560794,0.0
5.100397114802101,3.8177427561374007,1.6279900952112032,0.1993708741032003,0.0
4.687211791297763,3.237902836324264,1.4267355091353895,0.1464739496939071,0.0
5.313409604714129,3.725402232717936,1.470061251764474,0.1847620199084929,0.0
4.916145813979901,3.284907651002481,1.3875114550116576,0.2278990209753635,0.0
7.0338779871440416,3.2630275186319646,4.642329731156505,1.3789274186777387,1.0
6.369210041718869,3.1529297529751448,4.500397048483632,1.5910582448565345,1.0
6.96814354676769,2.995015617231042,5.001142888362587,1.491098976998475,1.0
5.424797227876737,2.193857007800096,3.981039196532756,1.287957343178166,1.0
6.472626210660699,2.7790896891067387,4.568689046492136,1.43529890766265,1.0
5.643669312549579,2.7847849651233845,4.442520831073306,1.366735610522625,1.0
6.16696925056154,3.280935316739727,4.689643774343651,1.6419878102831444,1.0
4.837513080028928,2.3626090469129384,3.333032496010883,0.989388710318968,1.0
6.636355753330665,2.88125290537558,4.5080886268968845,1.2166559596598292,1.0
5.127113273912167,2.639191359708177,3.956862460922852,1.4083104648818454,1.0
5.0486592442827325,1.985828361724576,3.589086411006478,0.9654970052595702,1.0
5.903951878102603,2.939275531376668,4.2232852270946255,1.507593920067978,1.0
5.980834471398168,2.201177543564744,3.959520026380788,0.9641987971935364,1.0
6.083728658120304,2.821799973795911,4.733189689370236,1.381620450927682,1.0
5.5577649994222265,2.881331081667679,3.6594471962275534,1.3021975992154475,1.0
6.686314246521796,3.09224242941415,4.491581216240091,1.3929567269522698,1.0
5.572941938437875,2.962988099515588,4.5171495051074935,1.5190498896035916,1.0
5.816473742092003,2.689368314894002,4.130523532637165,0.9480314850528644,1.0
6.228735556163936,2.231038875917031,4.501375524995466,1.4327125936334402,1.0
5.668405568739941,2.4666993357389857,3.894244565136149,1.103128173925122,1.0
5.869244434169277,3.16068342747851,4.770823410287861,1.771151423171046,1.0
6.068700417722819,2.8535334769948677,4.075512673121576,1.2234240123818485,1.0
6.245208347973677,2.5182035521380977,4.910377950003824,1.5394032916333371,1.0
6.0940175967715495,2.801039945734833,4.64184520436144,1.2311637337801091,1.0
6.36998272427468,2.847133117346337,4.24029990835122,1.2007915246904313,1.0
6.560436830015955,3.070601680340312,4.4138579322282165,1.4133805541444595,1.0
6.789168370756035,2.806617955087111,4.7779173562864745,1.380664217267168,1.0
6.768736032960205,2.975496916271576,4.901698953039933,1.6869816811562683,1.0
6.051539808580998,2.845111134108844,4.537124367288883,1.479030285035334,1.0
5.703414566526694,2.580002946704667,3.5740721482277245,1.0501864103710412,1.0
5.534548536089635,2.391094280306484,3.7840218329786657,1.04493736541323,1.0
5.440694998362641,2.3506632650537016,3.6722412787931296,1.1086035039215767,1.0
5.8219894864205655,2.657176620396813,3.88568537519274,1.22035770015823,1.0
5.99806930791242,2.6554565363465383,5.109979666194283,1.576064956845994,1.0
5.417878900822842,2.9886295806333174,4.451102708660393,1.5034376570268424,1.0
6.069569386641481,3.4448134737897003,4.544116946674992,1.654632550402639,1.0
6.695218602847965,3.0128409755842505,4.767566630328089,1.490683609571102,1.0
6.315602467836439,2.37952010771781,4.391372650953379,1.3863736797761583,1.0
5.632308214529554,3.026890163410001,4.070751733206447,1.2613396724583366,1.0
5.496984016634993,2.4845319950135467,3.9829423907246766,1.326551667214373,1.0
5.4479553843811415,2.5842465121767964,4.380103030609616,1.230046232496883,1.0
6.095162724802409,3.028967052874728,4.625105831142921,1.522997320222823,1.0
5.861326592364315,2.628173262215464,3.958795751791428,1.2770963969741351,1.0
5.021150497849549,2.321683844346176,3.276297365738136,0.9806712887855789,1.0
5.567268187021102,2.6989295654511727,4.115021105533696,1.261090965773758,1.0
5.752989469819976,2.9832194481802854,4.207131154497821,1.0936013888455345,1.0
5.677242337075723,2.8910353102844946,4.168561098758845,1.254014528703647,1.0
6.185143489212123,2.917736286212622,4.320627582301818,1.3099070010394938,1.0
5.051204350486562,2.5205683755309907,2.919785365089239,1.0321560542102186,1.0
5.70203381152972,2.746571173482634,4.102579952385582,1.297053873096206,1.0
6.380145894338969,3.2877839570662744,5.956144511895698,2.5272712557281456,2.0
5.844540845617994,2.751753220165061,5.062896441447915,1.8052532550209337,2.0
7.054038036353237,2.9768832100704747,5.92043518289484,2.0154014698204543,2.0
6.277827357932215,2.8625661068773223,5.608679406424066,1.7445728385838413,2.0
6.548950529915895,3.0324180605259103,5.816169777210304,2.2713107158804045,2.0
7.685051437294944,3.0349155252483264,6.508822096316024,2.0668124361841134,2.0
4.928697771337491,2.496336291375876,4.474746290412531,1.605300957711624,2.0
7.234275333854462,2.872153381964808,6.263138689276092,1.753730712839314,2.0
6.714741162387983,2.505685451357494,5.8425808898818286,1.7864945124680676,2.0
7.2237243656388,3.588133422325229,6.066875269608957,2.523967559940621,2.0
6.518711873840184,3.1737408392880204,5.038168060295379,1.9599507343271323,2.0
6.440490184228476,2.6250064248757736,5.308490360377308,1.933560969886764,2.0
6.777178211209855,3.0361229621358583,5.624985659540612,2.078435336678735,2.0
5.775087034272541,2.517444578130388,4.982701197974737,1.9290342362218884,2.0
5.77188751244792,2.7827466999271118,5.112291866489259,2.3519049876453524,2.0
6.464695922382852,3.211910676378488,5.34200617943659,2.263790691333933,2.0
6.511338986899954,2.9210920284882733,5.536800939615786,1.828534469288727,2.0
7.721109460027563,3.780456236142976,6.677392667403197,2.232389089805879,2.0
7.811336054426115,2.6057477929445265,6.895730044921572,2.3480321004421905,2.0
6.03258061772052,2.077266621128135,5.0340976621253954,1.557385440756657,2.0
6.865234813417732,3.201570787535347,5.691714343112638,2.242840650989358,2.0
5.577442548785003,2.775463849857833,4.957509206182984,1.9916317051784345,2.0
7.660215340056162,2.8900313049637987,6.754128391762452,2.0332679427436533,2.0
6.310069473489138,2.718053557924764,5.071291974971063,1.7310690071523214,2.0
6.635141169978148,3.3360302649730382,5.74925352002009,2.022153507375875,2.0
7.20575819930853,3.189980152986133,6.083201354918373,1.830415705112944,2.0
6.269599116086214,2.848298730134464,4.719334593321913,1.814695359016448,2.0
6.076055460374957,2.8975839309732265,4.972435258486071,1.9015121885512487,2.0
6.345847829120905,2.761079070510275,5.716794753856147,2.1289592687556835,2.0
7.121334048170701,2.997759593235092,5.787750634887164,1.5518609523741635,2.0
7.48274378225473,2.732018754246287,6.132803125459556,1.9075115791167432,2.0
7.909821671578746,3.829631749232972,6.42265808512852,1.9888008921366351,2.0
6.422109238824074,2.7558246304702934,5.585036289350963,2.1477838746562905,2.0
6.305885448925084,2.745508091574436,5.054407325795356,1.538350136346625,2.0
6.174935224601465,2.611132302095233,5.546349858203975,1.2820044524437488,2.0
7.775838460335434,2.995303166191829,6.1136722303738,2.3146756030694324,2.0
6.281599303335878,3.414836210780517,5.575223789844196,2.375329307617564,2.0
6.386398941446802,3.123989771513991,5.4980889910152415,1.875880603508772,2.0
6.003036668096374,2.9250400617344736,4.818655404069447,1.7957888544002991,2.0
6.88862134627297,3.065725140322748,5.386778847979366,2.115310836634817,2.0
6.652755449500716,3.0803766427603025,5.6144734399392044,2.397819836610552,2.0
6.869795657179718,3.0999591307289918,5.135630668430403,2.29071939960024,2.0
5.701283098302625,2.755447052353101,5.1055615957152,1.8842006404054736,2.0
6.78486596419263,3.097514893715193,5.85717976746694,2.2669979582463937,2.0
6.757167245642254,3.3507656347055583,5.737357484450321,2.541965752345155,2.0
6.666121439156084,3.0882017625508627,5.160495014662213,2.290706975122139,2.0
6.32206622687029,2.491924492978052,4.936079110869727,1.885051184654391,2.0
6.537500531090376,2.98324815073833,5.133220569243722,1.9990341190728795,2.0
6.237325402577594,3.424226788947346,5.386917230970706,2.3172222651004826,2.0
5.986217862915351,3.0055260066016847,5.08227999819225,1.6949238927588095,2.0
5.119233466061618,3.4554808649569977,1.432411624404602,0.1637365341126771,0.0
4.82850100924977,3.022495153951443,1.4562506915118876,0.1262072872303691,0.0
4.653358145891904,3.2167750495984,1.3867674546219633,0.1886522808842227,0.0
4.585771016807775,3.063366109970006,1.589488645808991,0.2019676376001971,0.0
5.010702464336911,3.5372540355751685,1.3738771121182909,0.1687031916880124,0.0
5.342088435733607,3.836178974055058,1.8053099452670545,0.3175587076837401,0.0
4.595620424941857,3.4544052662830618,1.397943889522686,0.2255989322977956,0.0
4.9794024940961705,3.4572805265840127,1.4668833169914424,0.2166747734299998,0.0
4.379376377093047,2.922705215424594,1.4550410727391496,0.2127247958399875,0.0
4.848168172283998,3.09579640315266,1.5168322500638654,0.0389834900963131,0.0
5.49765124947133,3.778446175401263,1.6092515852090552,0.26455058579714,0.0
4.770835349265947,3.35140849541394,1.5143673173379455,0.2281513270144834,0.0
4.802899006762228,3.0664160512095706,1.4592355776818793,0.0864940242911813,0.0
4.316078085623054,2.978352933875565,1.0567765805805291,0.078492608252475,0.0
5.786716858548004,4.092992938257311,1.1861224411144002,0.2153307151435956,0.0
5.65013954878212,4.185203865528097,1.431519542317992,0.3958078152054877,0.0
5.394644501725477,3.9630678621550928,1.3039948052678685,0.3928871129854493,0.0
5.078390318121419,3.582326297234784,1.3989547007783705,0.3643785514509302,0.0
5.7488879443180885,3.763680923872319,1.6942648077577993,0.3165130427241787,0.0
5.0749505595991735,3.759526239056806,1.4777139190104611,0.3386111589920977,0.0
5.386627541918653,3.3207527628446534,1.670216200974281,0.1870547417255545,0.0
5.126283287504714,3.646697942213631,1.54328098878828,0.3793231953738477,0.0
4.576809135693238,3.558806190675849,1.0804188072232208,0.1577558474175983,0.0
5.084927955080316,3.3192988167728186,1.7017206059800796,0.5219595961063472,0.0
4.76445676327471,3.4343250033045383,1.9365668850696849,0.1388343288495847,0.0
4.995027492183427,3.0564312927692456,1.5758258284872275,0.2872981913461468,0.0
5.019070405319432,3.415938853977307,1.637205828559351,0.3589984319664023,0.0
5.232147017389203,3.406444817499662,1.583383964150092,0.2187834646813063,0.0
5.22108655712231,3.41160068783474,1.4147709191502151,0.206250333204133,0.0
4.679160281407036,3.2362194359925347,1.6265474082400102,0.1960060736190333,0.0
4.892381596968328,3.0767978529702127,1.5722881056396223,0.2828664347803715,0.0
5.472053750037698,3.3337287026604807,1.433508333160198,0.3716928355623825,0.0
5.075809964816731,3.9942665478911783,1.4489139210019464,0.1379497612546321,0.0
5.464527347507413,4.185203865528097,1.2904551399877349,0.2189279840252621,0.0
4.876762435236162,3.0859948270212074,1.5161036309048124,0.1091996474209452,0.0
4.982196457311477,3.2397943411358843,1.278056310233062,0.2042177856031284,0.0
5.447731875650582,3.548895392377398,1.3553501329578714,0.152662034074241,0.0
4.9064983905153765,3.11893363832652,1.4454155610258783,0.1036373360567944,0.0
4.350752678434303,2.9794886440199457,1.234298826040478,0.1888402479994803,0.0
5.004823830057123,3.4713065503415077,1.4639735130050548,0.1934663795187705,0.0
5.001497569441748,3.4740981406332714,1.2448344600826573,0.3067587146681948,0.0
4.394234978930077,2.273123994020529,1.3538202030451898,0.250758464194774,0.0
4.42191202440389,3.15732036274118,1.2873126443949263,0.1442049029025939,0.0
5.001300366809198,3.5557617391620298,1.612156603198564,0.5444430428050945,0.0
5.072679008842803,3.843429785420884,1.932008143350438,0.3424049408746648,0.0
4.752825478891709,2.9741054266800537,1.4830934964656413,0.2939903145939964,0.0
5.121147346101091,3.774819585477558,1.5502575385483084,0.2967633577835972,0.0
4.522857628440343,3.1697004960773234,1.4182211762964303,0.1891802727482664,0.0
5.285059986502927,3.7389501452140776,1.5011472201987652,0.2644757094270507,0.0
5.064155950050109,3.3777362284321377,1.4134735858871943,0.1594344627455875,0.0
6.998044249445965,3.209548027791097,4.724574933860566,1.3966249999053122,1.0
6.448384636748547,3.1464184198075302,4.458390473663496,1.5932937526437454,1.0
6.961157324174006,3.125486826379299,4.909332024141352,1.4176362744370312,1.0
5.506462618500993,2.28759300761291,3.9299639391780263,1.2921162780222677,1.0
6.42413492046252,2.807535815609125,4.5343250705386815,1.5568499059993042,1.0
5.690120301643511,2.807414359905591,4.400844031235296,1.2317682441702125,1.0
6.190589513305674,3.16716603642173,4.763818345110829,1.5880378704405398,1.0
4.856063579209179,2.367073118192192,3.340007418238732,0.978033137757153,1.0
6.562194682031217,2.963461610019696,4.704600499066423,1.2874953592284115,1.0
5.194695523354177,2.689895054702035,3.856192480401936,1.460230073192988,1.0
5.047700441784174,1.934335475916981,3.4733850457387074,0.9617986677956673,1.0
5.852356863248905,3.0718775786750125,4.1356932317432085,1.5430337003834742,1.0
5.982819571049964,2.286774222256378,4.028496922009282,0.9371496942876888,1.0
6.07220489441446,2.852735811174572,4.642548731614189,1.4008840969537455,1.0
5.648913950384453,2.8412513928138767,3.6335317278534354,1.2589058772490418,1.0
6.672940002863103,3.119426797429224,4.430417702291161,1.4104397411517773,1.0
5.641393592924693,3.0461295581383103,4.51978686670743,1.4635055535620538,1.0
5.768984865722094,2.7530130920960234,4.089851661887615,0.9469962100737606,1.0
6.17451719727892,2.22459424148254,4.435405104796576,1.4914553654084222,1.0
5.650423375494004,2.486520561771672,3.953445182507638,1.0589477091323931,1.0
5.884000500937471,3.213071199055012,4.885359566412681,1.6936231622843794,1.0
6.151086132845533,2.791906590258405,4.081389098292438,1.2625356310255254,1.0
6.425351279026677,2.460261660486164,4.862642196615763,1.4726288671191543,1.0
6.117546775386226,2.779243010898387,4.611530075662397,1.23635551972652,1.0
6.354988651606572,2.853635602586626,4.314556421680097,1.3468371310694502,1.0
6.58242567035099,3.0166576837857506,4.485694182591869,1.4155053915720874,1.0
6.801746023601616,2.8101955415328863,4.741328791957049,1.354969732985912,1.0
6.72280922401134,3.022756889946691,4.942480417823701,1.697640390421205,1.0
5.9342854465021295,2.8494930672099223,4.535601928380774,1.550773870554979,1.0
5.707719871220166,2.487678770644938,3.50039408803083,0.9880644955799738,1.0
5.518896569890854,2.370980133865145,3.87586333047792,1.0769451649955546,1.0
5.49037113870113,2.4525564815504453,3.61233636394544,1.048832239033827,1.0
5.807342245685709,2.7128097990593787,3.963691761018072,1.185039708440614,1.0
6.061671098094025,2.741059392991039,5.088745249823463,1.6465245465091287,1.0
5.3564243748804525,3.036246586328752,4.460346572003173,1.4697256826650145,1.0
5.986217131519082,3.452423786635032,4.499400946367568,1.6370562778674018,1.0
6.690923251666287,3.104394001461047,4.713370860612674,1.4574987492452651,1.0
6.303376247844844,2.2762553818593143,4.429656428496599,1.298304318837809,1.0
5.556530673751646,3.017146071577105,4.230178846346833,1.3030353304157998,1.0
5.538824336073109,2.475112086565876,3.9366194012892497,1.259429011095859,1.0
5.549235943860721,2.630833801847248,4.412369068237006,1.1765417977747694,1.0
6.005572545416651,2.9607632923012184,4.547073298184746,1.388894682210044,1.0
5.858411523372696,2.603414980197231,3.985278072827729,1.2305113273308812,1.0
5.015221699850715,2.3105110610383823,3.289749116575712,1.0223693268966554,1.0
5.62091083482644,2.69188214350031,4.1433374436528565,1.2651278314652612,1.0
5.689324476104889,3.043385215982089,4.152957451286208,1.211166228397078,1.0
5.755229496686562,2.977277445782033,4.240222902737261,1.3305777130914906,1.0
6.118740540649943,2.8924564960132364,4.320097064651257,1.308244260443239,1.0
5.085413332880955,2.407739890013371,3.115882442318444,1.0397438000143069,1.0
5.7059758158742415,2.918758139851002,4.122466030455087,1.2018028614357537,1.0
6.414105530209467,3.1365163286486077,5.936795746350097,2.57239351229166,2.0
5.93748730649743,2.699509930992392,5.167801024479069,1.8342510095567373,2.0
7.08563026272207,2.956076600294373,5.892891397335885,2.1433790174340963,2.0
6.243758923090423,2.9368450417515906,5.5314781674364975,1.815242082560771,2.0
6.585666352232249,3.0282042097228405,5.885189528049162,2.2518997184879006,2.0
7.638622085543172,2.9513545030313937,6.589186311440714,2.1041119149469973,2.0
4.861823723736604,2.510209447525412,4.535330129973914,1.6636664417306009,2.0
7.285254464504945,2.869265644786472,6.298565922395416,1.8230700319817863,2.0
6.761365499694233,2.6026270078047333,5.847799478060566,1.810586900686827,2.0
7.242863072316312,3.580038188173341,6.175081800688332,2.5582531024917503,2.0
6.478929694327676,3.1709779529515503,5.155001141379557,1.87923568011764,2.0
6.496725922246218,2.6716215683785456,5.325878511646666,1.9291645492749057,2.0
6.77372647721124,3.0495709153830126,5.557978626028325,2.1147710990949826,2.0
5.662503920997213,2.4811326713319803,5.012033762859079,1.9269949765058672,2.0
5.822528957428793,2.69444273021365,5.032480914247029,2.337581190194113,2.0
6.453820057703398,3.2153496453271573,5.217119315320829,2.3398830951035348,2.0
6.544081263151536,2.9126870920717383,5.441052313484776,1.8049511330638548,2.0
7.666546924722684,3.831140281453722,6.745065798337765,2.1696555420715185,2.0
7.768433786175701,2.5114185842671093,6.885337777237725,2.331601248847794,2.0
5.995427493383731,2.2012497303458542,5.054501473617883,1.4962587592743826,2.0
6.81766196090503,3.1530794936435926,5.701166380451827,2.298212585600711,2.0
5.672714905351652,2.770780144642543,4.933223921178451,1.9101700553013643,2.0
7.712447739053064,2.7744055325666763,6.797322832923904,2.003518848304847,2.0
6.183341388357035,2.6842095939401576,4.789995023085359,1.7578110674377756,2.0
6.689721094351448,3.347325626863096,5.72867183908597,2.1171914000011967,2.0
7.217280708032423,3.2200801034525908,5.996501341711708,1.738966321303209,2.0
6.168841744935119,2.7815057980246305,4.786098360233531,1.8274599481760736,2.0
6.0872008709681245,3.0987693860498755,4.888321862015577,1.8383616218505487,2.0
6.46349803900884,2.7334919771843667,5.656300912703588,2.1193976810901325,2.0
7.269785602257375,3.013264056772376,5.799168072344223,1.6130779806829256,2.0
7.333662887829616,2.807911823866268,6.064926124614831,1.822336836459469,2.0
7.887613586292955,3.7953040350302487,6.408927671049228,2.0558769053655133,2.0
6.39719657863643,2.6587030381878782,5.580146849851966,2.204042765609296,2.0
6.253907554149554,2.823428168719916,5.0404002326064274,1.4946748541563435,2.0
6.12841431571882,2.5877489553880864,5.617427900140231,1.310543207451207,2.0
7.676854808658549,2.9782980028121657,6.081598807014836,2.320279116367848,2.0
6.288250619006159,3.328868007301513,5.672187773791758,2.436311530906013,2.0
6.457344938295297,3.080127638595768,5.446161510264354,1.786801631606871,2.0
5.961209939757494,2.9938594324581267,4.872227251398673,1.8538540317663903,2.0
6.800627041882217,3.102033692653354,5.314033230099724,2.1351928084597627,2.0
6.653932176143835,2.9994645342505626,5.614624248758769,2.375913516439538,2.0
6.877931536997959,3.0900388876734994,5.09115387803903,2.254457051072545,2.0
5.838137432619259,2.726994944329037,5.105493987083996,1.884113426908016,2.0
6.799932680441593,3.241198016622805,5.89514954728514,2.1946822463760625,2.0
6.632933435703542,3.3235750500628694,5.722124948906287,2.5241158893910534,2.0
6.660698858983508,3.0020191206809184,5.162833723028709,2.3131121632177467,2.0
6.382680149607316,2.502314862027774,5.057051761590333,1.8778069691168744,2.0
6.495252218323403,2.9455855062156777,5.20974482391145,1.9419480035773111,2.0
6.219784996927369,3.367417552473632,5.4939597917270175,2.2525570926903264,2.0
5.906426710586099,3.036774890816638,5.148091589392683,1.7929031591405642,2.0
5.157754644427918,3.46226664132079,1.3964446000358215,0.3031049585024384,0.0
4.93444214042403,3.0359276284506733,1.365937352837742,0.1937112299838556,0.0
4.635860347235028,3.226553828934726,1.2325591244376342,0.2507019202300289,0.0
4.578852212247039,3.1395518286897346,1.47255973431146,0.2609253881924183,0.0
4.95301065236463,3.61452075877315,1.3529105785609157,0.2083190767977878,0.0
5.5323751599914255,3.883804405373628,1.6692871405457423,0.4437640593722791,0.0
4.644975138393531,3.390873717795735,1.3704132668573994,0.3257148066490478,0.0
5.069137065966869,3.4105557110214595,1.4886745251921747,0.1584343888443035,0.0
4.459624759887445,2.936149940927996,1.3059864360266376,0.1419563364263251,0.0
4.82590034215426,2.98512611163419,1.4825818324168416,0.1157238577034342,0.0
5.398532557019434,3.800930493777405,1.487134772305598,0.3072074046549176,0.0
4.775261298590938,3.41396776186641,1.6382402141049788,0.1754648223022625,0.0
4.784982365622216,3.0512888817808337,1.320506305932857,0.0695716617090169,0.0
4.212978689754795,3.056106370541584,1.0512893935914247,0.1038244259226881,0.0
5.811473559736029,3.9920705892563895,1.1458425673607535,0.1940482852740857,0.0
5.6856211046632845,4.185203865528097,1.4611235326115168,0.4494204242767559,0.0
5.372187014608055,3.8378952307165792,1.295443464989664,0.5335112811082947,0.0
5.1171199488717845,3.3927768612769165,1.425675815652408,0.3167695266192706,0.0
5.734727661428808,3.71529001937022,1.74719825231708,0.2536864652314526,0.0
5.14340832139773,3.762058871713859,1.5159848845305814,0.2516598727951172,0.0
5.370924976716414,3.3550432911516235,1.6923610673107785,0.1364124036744909,0.0
5.0689539976648,3.7270490800712106,1.553122578252855,0.4333805996468089,0.0
4.6878918656118165,3.681474828324216,1.0204267724508036,0.2140896099276397,0.0
5.075566261695078,3.2509109783844177,1.7371037532055242,0.4485222715553351,0.0
4.838611081989025,3.44101580417431,1.9461753693217927,0.1745015794006734,0.0
4.9911941140605895,2.935934936215291,1.5431993741971817,0.2063297843937341,0.0
5.037739481660439,3.3493308989102744,1.63606685206617,0.3714591852736818,0.0
5.202443162705123,3.41570051253527,1.5399677469284263,0.137253718545141,0.0
5.208274529495221,3.3997040609517777,1.3600122672296613,0.2634432999589502,0.0
4.598338659211765,3.172764372024836,1.639975225379783,0.2064058564051029,0.0
4.874911006461893,3.072236346719709,1.6178994809106513,0.2027049225268857,0.0
5.2993738365844765,3.3748912995186253,1.562891866895252,0.4295054630706361,0.0
5.219676162385453,4.079363067759246,1.5030907420444437,0.0096130695993511,0.0
5.454690927527111,4.162942959552601,1.3737412172146344,0.2420060607618079,0.0
4.936220084828267,3.0788041891899938,1.5364767695276411,0.08547028214853,0.0
4.975786653122229,3.265011643252427,1.2314771187375435,0.1769418879981655,0.0
5.559426064767134,3.4650118701708306,1.2763863670123263,0.1982071299698894,0.0
4.903420006656759,3.15666368304184,1.5671198733389804,0.0489607307069358,0.0
4.447291680405253,2.96487556135266,1.3113858214042362,0.1771455202874288,0.0
4.922967453783773,3.388024659486398,1.5531205946663915,0.1656687305647259,0.0
5.065523101623779,3.4986379235067533,1.3332665696931714,0.3229105579849243,0.0
4.4658759143537,2.338902843094393,1.349615289711758,0.3010550991526934,0.0
4.332154384996792,3.154629156208912,1.2839484169501578,0.2038218160866161,0.0
4.988195913662462,3.5084038076251525,1.5819712723146024,0.6403505680193196,0.0
5.060488729846303,3.8069897336679217,1.976700048878768,0.4350472045401186,0.0
4.698358061940225,2.994585105774991,1.408308271364345,0.3173563885361706,0.0
5.104505329063055,3.75397789130762,1.5495844516944284,0.1881884553837851,0.0
4.697750155762225,3.213878899593226,1.3478785911096116,0.2690821257720593,0.0
5.297164026702614,3.692294445687008,1.5533800355049263,0.1480884556490745,0.0
5.012833799712281,3.3295226053436813,1.4369318053750222,0.1719152344692746,0.0
7.081832460380099,3.2938828075728965,4.68113518310256,1.4457691506792183,1.0
6.306917962109087,3.2375144172497823,4.526351662683039,1.452011544080582,1.0
6.915290044700543,3.195395951810754,4.894342790513128,1.4726691288676677,1.0
5.54917071198639,2.272009095788968,3.926043672840479,1.3306375470982,1.0
6.5209054941079385,2.783209321181448,4.588214674797769,1.4482171298267563,1.0
5.685677786669786,2.7549569919216905,4.506112174666667,1.2754127999393796,1.0
6.265011429794576,3.304172854912334,4.754128173467515,1.5197861076238028,1.0
4.814918867997858,2.4789586021036425,3.289979393807012,0.9004008674517551,1.0
6.587377896285982,2.88664696459187,4.658584213038949,1.193450129985431,1.0
5.3078128183959805,2.77044117848765,3.877517008481727,1.3330029228980322,1.0
4.93519815739952,2.024319482328092,3.427320039102165,1.0596903240385946,1.0
5.874361540438428,3.0459767257809465,4.269957554113131,1.5434959824794994,1.0
6.081050412197592,2.2375993178540323,3.9534413165982487,0.9787547411714128,1.0
6.105275445408858,2.9036104052954723,4.686567918203084,1.3254171978694873,1.0
5.548543973398358,2.927361124708711,3.509054509463864,1.340401241062616,1.0
6.582040284621071,3.043325204061129,4.421422130506618,1.3090813595228985,1.0
5.619105211562249,2.976242040825784,4.491064685156666,1.465249767411702,1.0
5.813295082485304,2.6630616302648527,4.08374916032867,0.9656963726226416,1.0
6.173118274501221,2.177115600304626,4.527030822791652,1.4564624131741972,1.0
5.613822789952507,2.46594554017903,3.8969434727817487,0.993853915833065,1.0
6.071847194927189,3.1330406394472874,4.80217100006871,1.788114605208906,1.0
6.010904849818205,2.738594256149264,4.085965967182894,1.2915888572537293,1.0
6.175100223932398,2.5013978282446026,4.864649515426982,1.4795293858183154,1.0
6.073632805514674,2.8313507775425903,4.712034422352773,1.2971946559505416,1.0
6.370872453591053,2.9538272993599586,4.37540948952556,1.2924634729127649,1.0
6.511973819347007,3.004213829442743,4.361830721221615,1.3946871385242348,1.0
6.803404069221338,2.819164789204055,4.830379261181581,1.3769531815814982,1.0
6.610731197862222,2.953473065388538,5.000632910158269,1.71512283551357,1.0
6.067911227667455,2.872911535594698,4.520253406374772,1.5195222257347092,1.0
5.67133455087393,2.589098513395677,3.531686911965027,0.9389422745381222,1.0
5.486789994561786,2.412691325116436,3.749978978146773,1.0846291453122248,1.0
5.422479812302886,2.4363049402085277,3.6029983630578446,0.9682936158431252,1.0
5.813289351279275,2.711136324867049,3.973044233301687,1.214564410584466,1.0
5.97631867179208,2.7310704568920654,5.170440099067747,1.5898323742862004,1.0
5.455340731620058,2.934285176790259,4.428879633062726,1.386421892748003,1.0
5.94883866975715,3.402723892961999,4.449837554982092,1.640109185037697,1.0
6.759846553270705,3.1117270152053904,4.814254696328391,1.439462092842583,1.0
6.307279261793784,2.301503839991552,4.397284458942408,1.2788724409696173,1.0
5.560737760613746,3.024095603625892,4.140062667634018,1.3821216580746063,1.0
5.510667821472884,2.512613702373373,4.079399585541212,1.307564200160015,1.0
5.457180943317889,2.570949915593654,4.380116049271199,1.1402421920930546,1.0
6.038396896869362,2.9276580653254864,4.640437133808138,1.4310703207297422,1.0
5.842428869118296,2.584717040781141,4.0105150276818495,1.3218898006977096,1.0
5.040388987769633,2.3012859999759767,3.424498655328913,0.939332543756712,1.0
5.591984188136551,2.7064872488276746,4.162194530217028,1.2388915127814544,1.0
5.600502872279221,3.046180482721775,4.212371510934747,1.1893715189775411,1.0
5.6225908159698825,2.8704177567212383,4.172321418009262,1.3122500426118688,1.0
6.3051667966755085,2.9928347833769355,4.2409957586988325,1.2613142138226452,1.0
4.9500099938934135,2.533067703960951,2.9616974822470863,1.1466637492154477,1.0
5.700243908135213,2.7694017693047432,4.105906501016385,1.3062302744837837,1.0
6.314946331265772,3.251759464776068,6.106846026986327,2.534261492136947,2.0
5.8093273654922575,2.658795324509176,5.040795056828795,1.881023741351998,2.0
7.074762123276903,3.074225750155364,5.898853281279906,2.100256172034705,2.0
6.298054384375264,2.856328287379387,5.618460064026036,1.816029066701797,2.0
6.495161395369893,2.916654297178217,5.8192367683654656,2.200610379544635,2.0
7.542017074807681,3.043778172213297,6.526507234112059,2.053781743779534,2.0
4.905089245589283,2.561912305724456,4.500999764744297,1.596427035524098,2.0
7.3249302337825934,2.8573127214673257,6.2739304072822994,1.80168047269732,2.0
6.736219441962805,2.539119648534563,5.74140299771669,1.7746702915870856,2.0
7.131518797265085,3.60281525927103,6.052744567237784,2.523301261206683,2.0
6.482266409844617,3.248397631917036,5.098357244178534,1.9869965906780191,2.0
6.383211117080412,2.7116859210090785,5.279653429779161,1.9229360965580249,2.0
6.799231153040639,3.061451275810921,5.4751365219700245,2.061356614969447,2.0
5.685292703548991,2.568499330739501,5.036857763395304,1.9729419517595144,2.0
5.805775642429866,2.8197130412950884,5.16433456729921,2.5186045424530565,2.0
6.342096253206455,3.217285847025658,5.30796786185025,2.27177684659847,2.0
6.419946819788901,2.969969829201032,5.542691229349457,1.832420922480688,2.0
7.737870555641447,3.822699143072122,6.614317021843596,2.2066359902099646,2.0
7.616804803549238,2.655906056769461,6.923724981087326,2.305103055561804,2.0
5.932329630224846,2.211091892371614,5.025971955388102,1.4252649581597736,2.0
6.9507712734366125,3.222438133097315,5.671340210770662,2.3382497909518003,2.0
5.67491469009672,2.8157686044785954,4.909045483485859,2.084575137950721,2.0
7.606787189135981,2.745739652722231,6.633401474600472,2.0205048165456225,2.0
6.287169983563534,2.688316029287998,4.917871339917104,1.8079103931573048,2.0
6.749956530236744,3.3123679724205566,5.677118914523334,2.0077515666007817,2.0
7.233079155527067,3.2249322903807136,5.947247509686752,1.7523103315825113,2.0
6.139769111987683,2.7581908741989047,4.812455072292884,1.774468960628623,2.0
6.115545142901647,2.941462289346552,4.864115971768609,1.8392122052028423,2.0
6.3894691123007,2.822330084062859,5.586216566204095,2.069132827868388,2.0
7.228757724545634,2.949196490284412,5.788301611033412,1.580506482175354,2.0
7.520172450856759,2.8500136538242598,6.136207812955986,1.9143110559583367,2.0
7.9027780660249745,3.820948700254349,6.334623189346182,1.9863724958070976,2.0
6.407305431109337,2.798279342121309,5.599107900435732,2.290930422661638,2.0
6.3797423321911495,2.87259175942593,5.097081137421287,1.5859378771699792,2.0
6.07264069203733,2.612132635947035,5.559292176221627,1.4084818046611758,2.0
7.713965653152835,3.0444307663352768,6.036399633852734,2.348672211205403,2.0
6.321385055862789,3.3863094647416068,5.476473918112348,2.4305760690459306,2.0
6.350004094448254,3.0612548869344702,5.539598840460261,1.7269115085123272,2.0
6.028284459006578,2.9861085625158905,4.818449185944841,1.8756247502893848,2.0
6.901749743672172,3.053278749697582,5.4548684944564885,2.084210513368624,2.0
6.666285708465008,3.1311442742148,5.568704502282464,2.357721746381616,2.0
6.9656395997368135,3.1197742212088,5.063571768106324,2.193424879999789,2.0
5.854767330010256,2.7010353258272115,5.100226675165195,1.8954739722651892,2.0
6.826891329906743,3.2101737483941166,5.835447070960586,2.353039629838903,2.0
6.645937194802866,3.3717258349784247,5.692938189149243,2.446424432773426,2.0
6.714942337451506,2.981499506146222,5.206073355533058,2.317817366593133,2.0
6.344653173289348,2.401960706919993,5.035553196897094,1.9487315071780973,2.0
6.466297629868347,3.0607793081585823,5.244501596413209,2.06555090173591,2.0
6.148483677060625,3.508189609068259,5.406547122272819,2.3621087045029387,2.0
5.940723105764598,3.153464169723319,5.123078315300256,1.8914781376361085,2.0
5.090415775041513,3.4746254767855724,1.4530143424652875,0.1685082934686629,0.0
4.954455474631069,2.931484615757427,1.4575681006228909,0.2326834968220766,0.0
4.730862271691464,3.136091908251448,1.3224686172379665,0.2621074803608496,0.0
4.640986256576102,3.0941943428697107,1.538720508176116,0.2348889494406923,0.0
5.016760268423101,3.4994601579821243,1.4221876754065044,0.2052802476981388,0.0
5.384680527499834,3.941741086151125,1.6845144740685976,0.5032938596376384,0.0
4.514467083384675,3.418933288188974,1.3802855952753026,0.2728535467458476,0.0
5.022834721763608,3.429975211854117,1.4789348322922926,0.179905061496912,0.0
4.3829384636717865,2.850112349301669,1.4801984046768155,0.2245730500768187,0.0
4.9161276750051615,3.0135530890691324,1.5252165150011112,0.1644264005439357,0.0
5.425089006072352,3.672216356580597,1.506464816150526,0.2360576605360765,0.0
4.751938991355694,3.358736168120545,1.5954532898893066,0.2245739278603218,0.0
4.732089188360636,2.980797403978927,1.4484788280763996,0.1877088502314127,0.0
4.269536507979686,2.9614404361992666,1.0650528123009784,0.1049964630727675,0.0
5.730534048982227,4.028063509065942,1.24738054231267,0.2825966867952882,0.0
5.697377760230222,4.185203865528097,1.463815135785319,0.3220733306504257,0.0
5.49842903721294,3.884982881400984,1.2959085851974192,0.4154320146566185,0.0
5.081774488996072,3.541439118936201,1.4218364839050237,0.3173108701126751,0.0
5.715486556046535,3.781483234098165,1.7293628092175202,0.3156802402118442,0.0
5.043235388046391,3.7622752968566338,1.5327083757225264,0.3587365269291025,0.0
5.365826386518514,3.41759519096771,1.6841274610756498,0.2511043049880075,0.0
5.122927623118716,3.785203848967009,1.5640515478090378,0.366442173111917,0.0
4.555040724403892,3.63814647506761,1.0484505378316442,0.1833415277470978,0.0
5.187674818545119,3.3498783325068864,1.6463985669107857,0.4549416576943115,0.0
4.75031855398625,3.4200949240278526,1.7821240906251268,0.2736084160154003,0.0
5.000313439998317,3.039914476394354,1.6622863243759542,0.1799686640899371,0.0
4.994670784377777,3.45504775796987,1.5957814819771696,0.3506226948515228,0.0
5.198766259491912,3.528439179464497,1.4288110834451284,0.1599329032414209,0.0
5.169486604288538,3.364116682951805,1.402193651668486,0.138843605302341,0.0
4.684961207251169,3.1355622941137464,1.605797028040188,0.2127538142813458,0.0
4.814705866005294,3.149522308076267,1.675685049953277,0.2098434418906203,0.0
5.471121203803866,3.355888173423621,1.5229914565201332,0.4652828496243832,0.0
5.121267831332571,4.0519760502716125,1.492170525182432,0.0874457078824274,0.0
5.523608921127225,4.058847342807465,1.328471558057284,0.1193795314596276,0.0
4.904307692155645,3.092884207797178,1.5788480555425382,0.1049587445800034,0.0
4.941576278747641,3.130013710551386,1.1843634636372289,0.1186614173421488,0.0
5.505992040370131,3.525933349372532,1.3391846587904055,0.1610587871892225,0.0
5.021478906438802,2.999809878702293,1.6136505336087164,0.0953462182198586,0.0
4.425524812913515,2.936478410194532,1.4086211307774068,0.202354565470803,0.0
5.134638814114657,3.397274587401907,1.548693252829466,0.2186541887816448,0.0
4.97529166272166,3.502260826593628,1.299931786456709,0.3448732176547336,0.0
4.437885539477704,2.256177462984414,1.3464033808851754,0.2604443273511811,0.0
4.357296974378204,3.1972648963228387,1.3049078598309365,0.1594010065217651,0.0
4.973857843608955,3.580592384990732,1.643760812580134,0.6912112269265197,0.0
5.105504896258887,3.835250464119785,1.9597343098398452,0.4556614306953288,0.0
4.847495216491503,2.93936298121109,1.4782814100903097,0.2409503646484657,0.0
5.070582471775229,3.7753598854162336,1.5836403106095855,0.2995563586484006,0.0
4.664307197332894,3.295466810488267,1.3993556984834017,0.1374128397005964,0.0
5.369159157025075,3.681576137892533,1.4528306325327254,0.2615733990150913,0.0
5.036740709852166,3.2081207832513483,1.4630863444001048,0.1931331847711792,0.0
7.01500079376934,3.2345379790430644,4.673445846655499,1.4771502758993535,1.0
6.418947187358419,3.2659833968793843,4.586203335771028,1.514199357882722,1.0
6.896495528228502,3.079087101480848,4.922724993159568,1.4946446595956606,1.0
5.47937062678169,2.292112714840957,4.018423443611819,1.3272980197048143,1.0
6.42798888526348,2.7498840344618225,4.59025360301097,1.5321025669718338,1.0
5.614499322966351,2.7969446743513755,4.544954497095479,1.301581947249004,1.0
6.233674059819484,3.3198704150584226,4.7416145816681725,1.617575758642543,1.0
4.813610660919489,2.3700528208472798,3.264254712844749,1.04112115504724,1.0
6.645874448797883,2.9346325737662404,4.508349539182529,1.3050550687514062,1.0
5.113775161361839,2.636966221156821,3.9889439363309656,1.3599078831137916,1.0
5.055479716847711,1.988559544519822,3.545943359436519,0.8891989057346688,1.0
5.918671562594031,3.0047337658087283,4.192762169340402,1.5390149036167386,1.0
6.006934710526267,2.1297974011819005,3.969857930160592,1.0040365766663133,1.0
6.190105075133295,2.8621991500681534,4.710810663127005,1.3908347752094428,1.0
5.629726051842721,2.8034809096453297,3.630734747707775,1.231123916279782,1.0
6.70165484084519,3.026809219820819,4.46332121878486,1.399924307423292,1.0
5.624942467264267,3.02314570258046,4.47832723625186,1.4256842307692907,1.0
5.794837542821304,2.7151425521325794,4.059948437346468,0.9657155625852932,1.0
6.224677209430002,2.2081671096774107,4.439334034611708,1.4942523113868311,1.0
5.562675725876979,2.449083308168015,3.876487425856912,1.1145824775692448,1.0
5.829133363054724,3.214237886361892,4.859881807105842,1.983237866417603,1.0
6.1280730894954925,2.914492680595909,4.025335367579807,1.3397652133748763,1.0
6.273757788791771,2.4354081675514743,4.876944300859193,1.510610192846984,1.0
6.138032134199491,2.780821508435704,4.73640376501739,1.193369206485861,1.0
6.446995904680588,2.921731613113608,4.251120414423426,1.2653024167894216,1.0
6.559079988081387,2.9716087607460557,4.450124989077842,1.342419432882819,1.0
6.757467219364365,2.726871078914523,4.706434199018792,1.4029175744039313,1.0
6.774598532938447,3.0269256431881804,5.006082989125852,1.7368276377406846,1.0
5.893180714649102,2.9052702499475425,4.51838192775121,1.594588867922138,1.0
5.667850813907978,2.544880147836545,3.516963231208455,1.0077774665851646,1.0
5.508672890470356,2.482936345319036,3.856336741175541,1.134794006382693,1.0
5.54500695193153,2.4303695588821657,3.646918541976688,1.0093440545942771,1.0
5.867575205888134,2.661006870648288,3.841715262608396,1.12303195942791,1.0
5.964835467727867,2.8244314086710443,5.148530229376323,1.6278809164505592,1.0
5.415080678933343,2.942611089326263,4.626971131769823,1.569789475342831,1.0
6.049534114584715,3.441776660042704,4.579093374281058,1.6381455563236176,1.0
6.745616972559105,3.134868454031777,4.715239848869674,1.4933908108172358,1.0
6.370613882067556,2.2377550178821908,4.4078379615041055,1.2736984916010554,1.0
5.601558513666301,3.082862994270012,4.100275663764367,1.3474576351193304,1.0
5.551751258584661,2.5148398087914794,3.9607151667680425,1.2615354269237775,1.0
5.517421073810269,2.605833050901318,4.3157294711828085,1.221307364501149,1.0
6.134534381874781,3.1078687353478007,4.568672209991245,1.4373107532060156,1.0
5.807113433401306,2.638250719274488,4.0488986136465535,1.2063010966510084,1.0
5.023944473023968,2.275753984349682,3.315422366969075,0.948602603448501,1.0
5.584544667366023,2.70064620379573,4.151665526993095,1.3367769992242806,1.0
5.658076080672712,3.006253562949443,4.209223767298264,1.1960870711984657,1.0
5.700655951969524,2.993116142542386,4.148176613872824,1.282345023175924,1.0
6.209785137548328,2.9365110078962147,4.307022716041295,1.2353368045638553,1.0
5.177878527593474,2.5182337466427684,2.97927346364616,1.0822449671581822,1.0
5.757473247496225,2.77077604034078,4.116403870780593,1.305934884359652,1.0
6.320321303893043,3.274503683396686,6.035379631053276,2.542578331436761,2.0
5.85093783214779,2.6973262484361347,5.0992268756941135,1.874658940914162,2.0
7.091905507261143,3.076141297781968,5.915666632506087,2.122870570782952,2.0
6.367916708500725,2.9284746901978704,5.565109973307465,1.728036427611738,2.0
6.574832554020575,3.0225782359588624,5.752294809904339,2.261301558657389,2.0
7.593696516705627,3.0382159063485115,6.617236283334731,2.085250016908431,2.0
4.929540631434365,2.558665662276454,4.443843470104396,1.7218483385925707,2.0
7.251964431423173,2.882218541446167,6.32296620596837,1.7944861752585546,2.0
6.719103310937905,2.5197962204598574,5.768458176066023,1.7990713680076065,2.0
7.136567575105233,3.520580595753818,6.069924236238903,2.526024623759543,2.0
6.513370355447933,3.1818050344377897,5.016862731222542,2.059275322034963,2.0
6.375004665749072,2.7452761381695643,5.217737342043828,1.987856958390158,2.0
6.776781080032059,3.016957593378464,5.634073724416321,1.9952567378181407,2.0
5.695654633835422,2.5078045265812627,5.034381608512371,1.952820789839184,2.0
5.7662702068053,2.826851220331952,5.0215673826097,2.4377927452761696,2.0
6.470581749016965,3.238890390397654,5.317409142152799,2.3123483222845422,2.0
6.536421260650658,2.9933135021649115,5.490757505678214,1.7794298919542544,2.0
7.550926579600053,3.795234678826581,6.686395325014455,2.175356276189814,2.0
7.769203331068068,2.535455876945913,6.980546262886291,2.367704332668292,2.0
6.064720843307767,2.244855828306662,5.045148273632246,1.5040507023496916,2.0
6.854970282695042,3.2115250340490795,5.75163874463276,2.313906975913912,2.0
5.59155354771658,2.76891175505492,4.843268872951049,1.9596793436181923,2.0
7.721129059957824,2.7809087151231524,6.655038765708427,2.092918353373823,2.0
6.337002742051951,2.7141011401644985,4.803862164015991,1.806966392208542,2.0
6.644761193446312,3.271319868861493,5.720171003066099,2.179716227923495,2.0
7.2151179381655375,3.2907734449807853,5.992431733171878,1.7197768270878022,2.0
6.120749955575327,2.8640133819553304,4.768400787670181,1.7809350319034631,2.0
6.081042662163755,2.934235858660869,4.827120008465188,1.7311684711321194,2.0
6.466855893126157,2.7632830014084773,5.545444610851647,2.1759320812159446,2.0
7.188994578319168,3.032566897151785,5.826774869057709,1.591083880264813,2.0
7.388390678888877,2.812715705631493,6.132430449937731,1.8691558247814533,2.0
7.921202362325957,3.7601970255121415,6.431945054682688,1.9651866478798865,2.0
6.354626265328467,2.752312248244391,5.526033623329318,2.208886216214617,2.0
6.309763983681077,2.8150452791236056,5.0981909701104495,1.450731966196824,2.0
6.138870073580668,2.54781818120072,5.548246675716597,1.410177134035972,2.0
7.783575185348989,2.9979714314000567,6.094684185597022,2.304654617782926,2.0
6.302442934597765,3.390691923415527,5.619111372105005,2.4432817716885817,2.0
6.44707678048514,3.067059108458699,5.568817848728448,1.7818906081618,2.0
5.925202763144505,3.0131957939573435,4.851735358131831,1.8230431666232167,2.0
7.002725617055918,3.069376100522041,5.368881775972227,2.143672186663572,2.0
6.629032028907518,3.1144440430175826,5.654479762204586,2.4108793818650045,2.0
6.987443411911898,3.0728744397819248,5.05908525058089,2.226084081883673,2.0
5.740016469086945,2.6676391050061152,5.098697358578714,1.9516585610049584,2.0
6.696728010408636,3.2000923361993383,5.8566405218178685,2.3231697223830947,2.0
6.715657111831965,3.343920410681489,5.719534145356027,2.52181875057319,2.0
6.6962708229539,2.987497267732553,5.1317631545432585,2.357212305756865,2.0
6.257453210353593,2.498177945443498,5.052889183968863,1.9131278922400508,2.0
6.479160080693157,2.983437134568976,5.250601897304606,1.9887351606707997,2.0
6.190954530608954,3.4364335826993435,5.454640343401239,2.345031945610552,2.0
5.887518519373144,3.052188493194968,5.048648238656805,1.881380041334896,2.0
5.107960390690931,3.469858756498439,1.3816621004006937,0.2801788790735952,0.0
4.938956936648437,3.037525917079357,1.3713030042363086,0.1995261286394103,0.0
4.722621541480285,3.1086106574929517,1.3375577350506254,0.2581089503631468,0.0
4.556927447890518,3.060672605348149,1.5130198145083311,0.1883515039365374,0.0
5.024243855918325,3.740872941659862,1.320033358048298,0.2017901652687663,0.0
5.414122879837091,3.807660946390408,1.7498027824795026,0.4027239016422837,0.0
4.562859187595172,3.4526138878336563,1.3934819615716467,0.3223292341407142,0.0
4.953169075641608,3.3746100827583,1.4613812182710726,0.2060157010303469,0.0
4.340845647522205,2.8327158404386457,1.3675338044014709,0.2467248203184864,0.0
4.93576717850741,3.0359407383970645,1.5511431165915115,0.0607640932471892,0.0
5.406584690642688,3.75276368354135,1.5091203115570186,0.1886735635563225,0.0
4.859869485614698,3.340197489004741,1.6392618423189074,0.1957726828989007,0.0
4.78647878099902,3.010616665622348,1.3975458768743303,0.0301947726472092,0.0
4.272571604153719,3.048634810731185,1.1221434599862627,0.0537707347749492,0.0
5.746485624302803,4.026585533456939,1.3332289032920173,0.1265975483648179,0.0
5.813687397991052,4.185203865528097,1.486825983209424,0.3952991306297164,0.0
5.375359274764171,3.983616077174116,1.2598341251961722,0.3729486717279043,0.0
5.0896942696829885,3.477172789483249,1.409609899189627,0.2867459863949295,0.0
5.71358722569666,3.839605111639925,1.7606494023105297,0.3597328195952632,0.0
5.167012394671343,3.79416367885207,1.5534163095852915,0.3629229375498668,0.0
5.371919116430872,3.324261093580417,1.643825625613334,0.2116372031658284,0.0
5.087202307082068,3.664515510430968,1.5915584745579487,0.3468294063681003,0.0
4.5988177602406575,3.5892766535082377,1.041804715249974,0.1903968085177529,0.0
5.158946551864545,3.3340112580676697,1.650124504899621,0.5347274121728519,0.0
4.810333413005244,3.3757024400824838,1.8823340102602548,0.2574356216655368,0.0
5.071636967312962,2.955876096644917,1.579978115166182,0.257295801926207,0.0
4.989058653968055,3.5075232916917702,1.608662481506422,0.4080291384378309,0.0
5.160348428741948,3.5417842474981387,1.4852515397330368,0.1757579650445126,0.0
5.15688463477444,3.4185566860424195,1.3259972701062683,0.2089552026530427,0.0
4.6492491020275,3.2045123594470573,1.6163497203082229,0.1841745367478894,0.0
4.82942771009736,3.155977055928417,1.5579146558195045,0.1796750914289208,0.0
5.302559706598043,3.396390607139592,1.516216839262356,0.3965528953471833,0.0
5.1559110731563775,4.08237814323759,1.5428876291840192,0.2251807524009671,0.0
5.50901302817215,4.102798607749741,1.4048353638593083,0.1380176938377771,0.0
4.895764912302849,3.16979664471308,1.4660574194169778,0.0867965190528817,0.0
4.936066050828551,3.2539180365147784,1.1679894813213298,0.1850287239574371,0.0
5.457953564897935,3.504211875115057,1.2558553950246112,0.2088793804953521,0.0
4.973910333968795,3.137630136326429,1.5294928063403206,0.1524172272745192,0.0
4.4481140310900775,3.058302854725938,1.281286174206194,0.1967666785705743,0.0
5.065604169944072,3.420544278188006,1.4728416988004749,0.1554087675335829,0.0
4.856593424344345,3.64328537501404,1.3008962973309002,0.299909803985199,0.0
4.51643772127985,2.3181185921075,1.34287269486999,0.3333647692851313,0.0
4.398716262369823,3.1297510627774465,1.289617928561864,0.1595305522449107,0.0
4.952608791733119,3.432131353826069,1.573606738662726,0.6097845148247568,0.0
5.182916179415935,3.781522898624436,1.919731091269516,0.3565372027340955,0.0
4.753005911585213,2.918014665622783,1.3922884114156078,0.2449376990171384,0.0
5.070639380230546,3.745056949166543,1.5929835157812082,0.188667402987171,0.0
4.65550250702974,3.1205082746925847,1.4053227323828583,0.2396348905350939,0.0
5.304875939516501,3.744340843534788,1.5781662433519923,0.2437180494573325,0.0
4.950768993534525,3.268411872799508,1.3447307508502542,0.1933499653633162,0.0
6.96422924343791,3.238622236417408,4.691282211613143,1.3690226660039968,1.0
6.366625720207054,3.2515624032868566,4.415140511711689,1.5142669996316038,1.0
6.836142510023007,3.1055064571715656,4.9572697636919205,1.5282890253862704,1.0
5.5332290449766,2.3575571902014163,3.9324765193938886,1.2601936058109175,1.0
6.425026944825497,2.8410967328207395,4.656304177734856,1.4647293607601166,1.0
5.668420769267051,2.794531208942185,4.54660055786237,1.3530699562542323,1.0
6.282550622558556,3.347165912402219,4.7280961553999,1.582749239466142,1.0
5.050278206807096,2.3994984262537566,3.390382885677839,1.0580650676674703,1.0
6.724969600431735,2.91402139132854,4.60135270857193,1.3518955983959218,1.0
5.160478155617748,2.7383102836543878,3.824664558020982,1.4110310471363496,1.0
4.91957715386799,1.9871066334769572,3.477843991672996,1.0058392237976368,1.0
5.937806537563225,2.967166588865492,4.126950644387383,1.3991920125247228,1.0
6.005287202182173,2.260728904955568,4.034454567051892,0.9969514322006672,1.0
6.159437332971793,2.922082905150115,4.749459777078091,1.4061750888790212,1.0
5.604857962083856,2.791914482258667,3.6358364137186334,1.2376683116237273,1.0
6.812558153956631,3.1463183133734605,4.410873839448811,1.3349703705206424,1.0
5.632848275032617,3.0146825052762822,4.537659354971195,1.5608120210462326,1.0
5.780850539006137,2.6551380964337765,4.165242557363379,1.0549121919081914,1.0
6.202627876421894,2.1920016007531404,4.566758163266476,1.5049432016442712,1.0
5.633959785035024,2.5251700017541423,4.055736135048359,1.1439125645924055,1.0
5.861074530541885,3.3182845890683077,4.848177643940059,1.860938407943784,1.0
6.098329652180063,2.79052321285628,3.871470029775829,1.321594610470412,1.0
6.279116951249882,2.566151804000881,4.918058093697681,1.563810309246315,1.0
6.082680264686373,2.664782305162425,4.7360809479994,1.134005154398122,1.0
6.396160901819815,2.9437217973871896,4.266111450241673,1.3429053383646767,1.0
6.6135614561906575,2.914614903351947,4.38518510542189,1.4259217336610874,1.0
6.762538449201554,2.869987037886089,4.783912905875344,1.375307166630471,1.0
6.667681764428414,3.0612008351531808,4.909078693766691,1.6910127997686906,1.0
5.967759970010309,2.9346767922417456,4.4828014969121375,1.430284847785596,1.0
5.691499805323075,2.633959673906643,3.549034407921396,1.050253544119939,1.0
5.506303594805555,2.3854992248517437,3.791110365476726,1.0591038654910496,1.0
5.520044357237423,2.383970590512741,3.7534268867043306,1.0879239153933988,1.0
5.840719951875645,2.689692468133801,3.84265036706106,1.2253211666469597,1.0
5.960571809452505,2.744148602673932,5.121724385327683,1.51959438919023,1.0
5.334832744616846,3.0190008274455846,4.544128271859599,1.459475122779037,1.0
6.055177586276593,3.3960461632304657,4.485930745504736,1.5965921204722795,1.0
6.676751850281334,3.1261611917377348,4.741716354261424,1.4934594925476716,1.0
6.285919633011514,2.2371582183888434,4.323076003229267,1.2404106793586431,1.0
5.67685881574282,2.977375028011852,4.056014674925883,1.2935648821004804,1.0
5.463159722458903,2.438187111610831,4.104652959806888,1.308175286238749,1.0
5.577572021234762,2.5146661534878207,4.493215883302272,1.237477652801382,1.0
6.003631504730434,3.0186104748927574,4.609746565583819,1.440457122265168,1.0
5.699852857297501,2.639416171055406,3.9566640850349377,1.2873441659883709,1.0
5.096117627344832,2.335885777982617,3.323660101850224,1.006660036141512,1.0
5.555481434779879,2.726580176922472,4.167166643500013,1.2866882356685996,1.0
5.693075697454127,2.9830662060067654,4.245600504799365,1.216697046536169,1.0
5.702258399300829,2.8798613978253984,4.198560302157954,1.3067484875568227,1.0
6.134933198805033,2.935973709073488,4.306038746576928,1.355457206006701,1.0
5.138040775454951,2.374126495899477,2.9766898749066315,1.1016915110421643,1.0
5.711523923994292,2.838381144494717,4.112414607134476,1.2649219490752757,1.0
6.167505567944934,3.368036625160526,6.034030863593093,2.504685087565861,2.0
5.781353211125279,2.666176668530703,5.164617981662688,1.9568624928176632,2.0
7.000829373426559,3.0168788046632464,5.849645700808964,2.033012987083679,2.0
6.355500189948151,2.8755629267538763,5.579005750675831,1.7078101101490666,2.0
6.523930725857385,2.999472109577367,5.847724788000177,2.165102671273885,2.0
7.599197246349976,2.9514550905206427,6.620875281086472,2.0576695761146926,2.0
4.936722325185809,2.508438059567829,4.491423493080968,1.7503811238603912,2.0
7.234331981345456,2.966223221690735,6.311510047948137,1.836335951488244,2.0
6.710239466784054,2.475344666830712,5.833152431221264,1.8291190945537208,2.0
7.229329840114116,3.665454816188261,6.034064034903457,2.452460796558535,2.0
6.507557481230699,3.23331216723118,5.141429922775062,2.019107053079052,2.0
6.385983746829582,2.780521388247456,5.293081949706913,1.797410274658252,2.0
6.792673213334336,3.0133769557036074,5.396713487942535,2.0764596105607867,2.0
5.709249218055815,2.537288252996344,5.0836887884781,1.996943940125968,2.0
5.824094505399335,2.697889951101296,5.08940618611766,2.361469007965152,2.0
6.396146977840971,3.17963154960726,5.323704889462092,2.342606911051309,2.0
6.3820970927581655,3.0085429817363747,5.4548530730427744,1.9045805768322857,2.0
7.656876899760385,3.8440866743900406,6.657666666521321,2.1776047156392564,2.0
7.6930562421345,2.613242945527783,6.866152854914819,2.3111160180938404,2.0
5.910436071690152,2.1475999767463407,4.978294194052027,1.5235483275895452,2.0
6.822135467525003,3.307747715240976,5.689366719012551,2.2566222856141267,2.0
5.664264315950912,2.805011782409398,4.908396367606065,2.019028214866508,2.0
7.719124488679948,2.7372271908928414,6.777422273399012,2.063687156132994,2.0
6.334447762402201,2.691269790362576,4.868799276927301,1.8056841770466625,2.0
6.674126027643115,3.4125114253621813,5.747006266279221,2.0899227113880143,2.0
7.134130986849804,3.1445431247292617,6.02460806229448,1.7095140328378244,2.0
6.267815287855958,2.868801611789242,4.891078189955167,1.7734479048415452,2.0
6.07395768898521,2.9464622081271954,4.923957162654986,1.809613493273331,2.0
6.3259502349111045,2.8064016360075885,5.637209303981696,2.025147073532177,2.0
7.253671329713399,3.056096580678647,5.816152515501543,1.5881801019951571,2.0
7.315112628923409,2.894712136673823,6.083082470497468,1.8854498012611984,2.0
7.859320491408899,3.7772145097029695,6.295908380884574,1.9636212679311715,2.0
6.390482903921651,2.782356093641305,5.59301401630751,2.1654823139568364,2.0
6.258677025026095,2.7916184820379715,5.123841876675246,1.5140739846711742,2.0
6.122901611469522,2.5889465375401137,5.636659889727112,1.393685713422563,2.0
7.763168368215192,2.936676386691373,6.124406398908414,2.2326735902920287,2.0
6.345958938445371,3.4183226310530874,5.582717719346527,2.4131066544072404,2.0
6.324217432353011,3.074457543463191,5.568877383031229,1.8053195894593792,2.0
5.984303543217395,2.9248479959244573,4.793398590233108,1.6911471646379317,2.0
6.901314632007048,3.085220155759062,5.483345683888954,2.135635240214281,2.0
6.710710855816456,2.9991352493474253,5.640288434713921,2.3709943629662744,2.0
6.8832900183596,3.154578113025036,5.075030779987347,2.204078094005602,2.0
5.790712369389442,2.793459270243257,5.154430397857641,1.899887549388842,2.0
6.758412690566807,3.203025117469344,5.873742708884335,2.2130537484393327,2.0
6.803716275549297,3.326437563171157,5.714437987870299,2.456392588487649,2.0
6.759344706582,2.908445692979233,5.190308267631695,2.3843443459698688,2.0
6.278556486855473,2.4547189162155885,5.010811702467601,1.8725958447745743,2.0
6.546365798966576,3.0110932731205717,5.260514585775272,2.051150373943352,2.0
6.197831680563013,3.334668723809585,5.370830826990966,2.2130694917922638,2.0
5.922528510929508,2.921394157277807,5.107338314431775,1.7787852539334583,2.0
5.085367038088792,3.4818579053284053,1.414344300473767,0.215442086094087,0.0
4.94275571784157,2.943740583184912,1.3875093317546014,0.189141978240619,0.0
4.667921773284989,3.162321288730106,1.2979225994905577,0.0767044878076092,0.0
4.567689393340984,3.051142354138844,1.5865091006759144,0.3156036482137716,0.0
5.032450359556191,3.5494881188254634,1.432731091818508,0.1790249207883193,0.0
5.429852326446412,3.926513950685867,1.6971667375217234,0.3524599010896614,0.0
4.476240450369416,3.390528492626356,1.43767381538543,0.2659920327614155,0.0
4.986302889562717,3.3975141825756023,1.3983265230539634,0.1702060807157655,0.0
4.415441724662264,2.9464373429676067,1.4284860868476246,0.3156488733912609,0.0
4.956432789960684,3.1863100262215256,1.4071173636461365,0.2112552824166828,0.0
5.357654662507843,3.7457159336232815,1.5129435431252232,0.2191913321217098,0.0
4.866414610696061,3.4388831475620907,1.538428466748344,0.2771053981730136,0.0
4.765968712345684,3.007250083958388,1.4010872355834965,0.1106738284003319,0.0
4.246616946412959,2.9383797665968783,1.151104819508891,0.0899152497759982,0.0
5.8061259032089385,4.091487797910614,1.216999773732424,0.1877373679572565,0.0
5.70555403915891,4.185203865528097,1.5121199253975637,0.4375398381080763,0.0
5.398816060645232,3.903060844996624,1.240063470775241,0.392990158273662,0.0
5.168827446563455,3.5939867516683157,1.3950598696143683,0.3122506628520798,0.0
5.641402494128177,3.864155147349914,1.6997940829796845,0.3256670134710028,0.0
5.044552716621348,3.786061029434145,1.5113961421703803,0.2090779912673718,0.0
5.456268190632782,3.391856244398496,1.7517404145017816,0.2317546773918686,0.0
5.144581508371338,3.794102911944112,1.6458156189470383,0.3108241065392523,0.0
4.592595006655456,3.5672071112821384,0.9857296647488428,0.1513777926712536,0.0
5.048273777243112,3.33455207862134,1.6870775829101743,0.4696120136243408,0.0
4.805620509415142,3.394776223325362,1.9490893624252716,0.1836892034237008,0.0
4.962175536192255,2.973079394958448,1.569575494611446,0.2276447004921799,0.0
4.9941171483253495,3.432748675965899,1.5977530623022,0.4209864159093524,0.0
5.1762587412608845,3.507448993553363,1.5584947062231418,0.1772931610082551,0.0
5.202587634961019,3.3192988364430644,1.46639222351784,0.2256577349483045,0.0
4.738430807094276,3.2297956055151675,1.570763853159743,0.1163628794102358,0.0
4.83736518182696,3.109247295344429,1.5902908256514598,0.13496771527954,0.0
5.39541843027274,3.3657005982047266,1.6286222742113332,0.4098854892616501,0.0
5.075090141851336,4.185203865528097,1.4876312422122355,0.1149938503999082,0.0
5.541131803438581,4.172805300086778,1.4193658686597883,0.2543855104164571,0.0
4.980656899536721,3.101441963897546,1.5840252481405983,0.2395264320933681,0.0
4.946824572531714,3.219730427196772,1.2163161997826497,0.2294179705625179,0.0
5.450556436833303,3.5444356525404905,1.3307357645337237,0.1957426950782873,0.0
4.868208136762439,3.017920502608349,1.5569122805237732,0.1373461920482838,0.0
4.412195059967497,3.0662689171744537,1.2762968315591354,0.1984849631658263,0.0
5.123699929714053,3.4690513678853545,1.466424116812437,0.2398246017745623,0.0
5.046929725043469,3.5272937703037166,1.2525938478634886,0.259379518748226,0.0
4.460670045779872,2.31100459357717,1.2917640844758649,0.3297798592882895,0.0
4.38967688097326,3.1602598256447934,1.3106742343662154,0.12693629366232,0.0
4.924777155755941,3.4855004225324397,1.6314272818480684,0.6016455922544989,0.0
5.082299023865374,3.738963928383654,1.8904710419722188,0.4395315681599457,0.0
4.756042423618138,3.0134091211504668,1.4712640150709315,0.3465045680514994,0.0
5.178008566129119,3.7432202083045176,1.549795708394973,0.2201966751280928,0.0
4.5585010008138855,3.2187934675394265,1.3681145961253325,0.1531224201128332,0.0
5.306149988997376,3.715045728590928,1.4913401788936924,0.2093430913350516,0.0
4.991611967354369,3.309562823645717,1.4877647238055025,0.1260649247803983,0.0
6.986104720747447,3.1506860759933994,4.677548866930235,1.3386803988395832,1.0
6.404454779625819,3.169055689809288,4.434085940209789,1.4979539853425172,1.0
6.874041455991452,3.039496517767754,4.912266779568724,1.550762990928967,1.0
5.524944510129166,2.3254674082673907,4.049635002441626,1.3279715814250084,1.0
6.478962209613574,2.8233581721264778,4.540877748062482,1.4844188351898444,1.0
5.742015875940262,2.76932104792193,4.51220564368712,1.2280999190008888,1.0
6.369463882835616,3.315081612595032,4.748914649424209,1.553989800652796,1.0
4.818106223537396,2.3404758530495444,3.349498028865257,0.9567388819019932,1.0
6.573096436067466,3.0684124976814524,4.676644250712063,1.3753999108924029,1.0
5.103664976558455,2.681409858122993,3.932271907277004,1.386972821841796,1.0
5.045423017724948,2.058097443339792,3.457295023294862,1.0119746215515797,1.0
5.822866137574136,2.9810485425552256,4.214277352894899,1.525531326204463,1.0
6.050983932074683,2.230313800043542,3.982994027198988,1.0176433602920325,1.0
6.045039608810363,2.842365008372421,4.724349686094217,1.3697946113316617,1.0
5.580180129602367,2.909145544313072,3.632565779581141,1.375215977223942,1.0
6.694818172395098,3.0572212620020496,4.516440237594512,1.3375417870058568,1.0
5.567979776472779,2.9956513658403106,4.525194980130857,1.4588398603798352,1.0
5.793250206067963,2.715252360225798,4.1463558401919975,1.0045461782341845,1.0
6.130115309727746,2.2225714093782867,4.567475949995176,1.48755322906146,1.0
5.565655243703032,2.416289648843528,3.854693534661873,1.0323352063260964,1.0
5.920848721365682,3.147162461370306,4.680627734110828,1.7994409297808038,1.0
6.159230919001119,2.9324719864141997,4.000699836975063,1.340342415858698,1.0
6.3243209786328585,2.542768177235862,4.814732995186628,1.5403842734796245,1.0
6.08645906529731,2.741555704877327,4.634104703112944,1.1834993701210257,1.0
6.406539019929818,2.9060805026893344,4.361068829681013,1.349474625926343,1.0
6.594854559724689,3.0362680989268966,4.453892672631984,1.2940401794308047,1.0
6.839001459939948,2.8077948150656957,4.8088537239021525,1.480940808950853,1.0
6.699928275686655,3.0314426158834817,5.00734493152602,1.6835136528221464,1.0
6.100212918894461,2.9579085523391417,4.489887820948294,1.4411844459828382,1.0
5.770810393208417,2.596266954642509,3.454267566015825,1.03077981737291,1.0
5.482732029771522,2.424023663544444,3.80535365812522,1.034548534424956,1.0
5.504632686271622,2.4552386164109743,3.562613345764934,1.016661902037672,1.0
5.7825310319653225,2.683070988499465,3.9249731251446263,1.118759856617191,1.0
5.966888467091048,2.6700154264752296,5.039313640252121,1.5906817964486246,1.0
5.505493314264612,2.9460200696453493,4.598830748049082,1.5743613097044968,1.0
6.0719846072587575,3.4697992673094302,4.463798116482755,1.6268930711941607,1.0
6.810261717029732,3.170620865641073,4.775940778589202,1.5430460685419485,1.0
6.213368921048053,2.308205291992697,4.368663234033073,1.251171841392391,1.0
5.5771720695459726,2.984517593651495,4.093853680107828,1.344610873000712,1.0
5.535712328938797,2.498460384279226,3.98844712197868,1.3121337564311504,1.0
5.5492963984143815,2.565567788658093,4.409770007165727,1.2113509489282492,1.0
6.048168152867273,2.95965015035617,4.544059665410146,1.3663421491679726,1.0
5.7537874839762,2.549730753597918,4.025368788485003,1.2476033500309802,1.0
4.92624618705562,2.38201666518521,3.2922209285101145,0.9335193650683484,1.0
5.62027949856,2.6754344686618827,4.250446557743191,1.2276950213141289,1.0
5.676779792868466,2.956267785068618,4.303152563299218,1.2351672993966205,1.0
5.760264228776737,2.9206363640664423,4.212014599312813,1.249094228298406,1.0
6.190618005650951,2.8609244385825727,4.224789648226948,1.295038189147024,1.0
5.133958295747082,2.485205720350649,2.9081857962509026,1.1144694759215847,1.0
5.69205874441922,2.912169505984666,4.098958152177987,1.4080646991788266,1.0
6.392121206658235,3.280759210279823,5.997803652957116,2.5349513787706317,2.0
5.757608499770898,2.807304224143007,5.161974456509961,1.905303427662398,2.0
7.078473948624352,3.023038005138785,5.987915510153105,2.1084940114517305,2.0
6.377259017778191,2.8466455209674835,5.6145516163086455,1.7853979969714502,2.0
6.497113604965085,2.9613672102129414,5.71660634696537,2.251631649501851,2.0
7.608979359022096,3.079929515202422,6.6130324932931135,2.1259837240532056,2.0
4.891686868548153,2.424199924290181,4.440185312120981,1.7265871699809423,2.0
7.341359321243082,2.868619697337495,6.311356852480976,1.7975758948000071,2.0
6.633912037553779,2.5754471082258807,5.813189744812069,1.800156221945668,2.0
7.22638336100487,3.60830342036453,6.06131559249194,2.519916347411377,2.0
6.501959091191157,3.3532063004653314,5.095710155625032,1.956542737707346,2.0
6.4232920169841785,2.6889382938434765,5.356316713317346,1.9479861583034936,2.0
6.799898427077044,2.9340116701981165,5.543077130094527,2.0634749044273546,2.0
5.668649854177625,2.436836858977643,4.953472596647377,2.009147705149664,2.0
5.785707944278004,2.8091313201634427,5.085256571865825,2.389873544863732,2.0
6.289674062712864,3.098996386170499,5.281311939543413,2.2799304026044527,2.0
6.42560024569635,2.9921912624065445,5.548514006300301,1.7716662977329425,2.0
7.68418977891971,3.743830594953125,6.63650239259917,2.1782172319322237,2.0
7.767104370959912,2.557645637012832,6.927133131150513,2.256500027269904,2.0
6.041386942575945,2.213075601057263,4.981534353776041,1.498858955904716,2.0
6.84480338411228,3.2353188847295367,5.715765050617888,2.3503384427447105,2.0
5.538565444667372,2.6736027427845297,4.87422152735996,1.9825015761946383,2.0
7.706771535722282,2.7503478989243377,6.737116655199171,1.973195933130137,2.0
6.357452549083074,2.699935814649774,4.947919834509516,1.838801939426559,2.0
6.662496355161791,3.350364698868642,5.658641437921292,2.147370554186293,2.0
7.246459396146755,3.253283407896114,6.028535405783439,1.8677540067282143,2.0
6.152888183664854,2.773474652924296,4.805254189574173,1.75458905581033,2.0
6.04647403602764,2.9840392684059966,4.913194056546456,1.8316956775438755,2.0
6.434180984582659,2.7860800021554746,5.559517584837471,2.03815059077941,2.0
7.188574888715889,2.955391843772784,5.773001240206519,1.564655823136636,2.0
7.476529275832679,2.87341585470249,6.090931965000578,1.9179098583465712,2.0
7.765248772422349,3.840702065950692,6.278702986520884,2.042750830899042,2.0
6.416216448301732,2.7584956216829024,5.593330426828372,2.141015432825077,2.0
6.320207307923848,2.827428813036664,5.198946086675333,1.5139933519267346,2.0
6.240329528808871,2.5995660781039938,5.662151280163539,1.3864474956070685,2.0
7.675717005758756,2.9144397918230363,6.128241035530573,2.239318819346556,2.0
6.307640267865525,3.3943449644964434,5.596803327111888,2.532999076250302,2.0
6.393390413408544,3.095334319677901,5.462805487808424,1.6811685065138786,2.0
5.9721639120680114,2.927626642009348,4.827718361333252,1.784787225755064,2.0
6.981190802883324,3.128308516504673,5.410437867771464,2.0819337384224283,2.0
6.704772937666774,3.122833727945266,5.532860999219995,2.4616727772681197,2.0
6.851624494601485,3.0961429463941124,5.105499410758284,2.292717229988745,2.0
5.7135217522461,2.7384701243635354,5.085207595049607,1.9582114589804756,2.0
6.859724453615931,3.0812368163800783,5.955113642425359,2.333262837500227,2.0
6.671430983683088,3.3305525107446385,5.624771338867308,2.60436335666837,2.0
6.773253696808392,3.1046339067767867,5.244815933207701,2.230530661862021,2.0
6.340766023811826,2.473188535911418,4.96397509691865,1.794455808668054,2.0
6.436164231714581,2.9801040693154,5.184153109835246,1.9920079628700504,2.0
6.244863364561953,3.4603409679072232,5.371443533949913,2.411545518350568,2.0
5.904348013017363,3.0020539202180867,5.049529751447771,1.84807764808435,2.0
5.099584096155896,3.4416135713510854,1.4179608212499957,0.1557258304439492,0.0
4.90611115090304,2.964916254124699,1.406546164311378,0.1249482317442759,0.0
4.753130412420488,3.169068664086509,1.2288368906130076,0.1795204891392822,0.0
4.579356658784549,3.1275995438859225,1.4148703374132594,0.0623929149606542,0.0
5.0016727699974375,3.6103267998739783,1.3186023838549472,0.1348643426916945,0.0
5.389338271053366,3.8929076992972367,1.6413304397938662,0.3671849224659329,0.0
4.57751921959686,3.3721996034169006,1.447510633330204,0.2795789946645811,0.0
5.092126039093472,3.4594597161502487,1.455785711696557,0.1812081064672549,0.0
4.504940506171145,2.918975989630929,1.3501083741869693,0.2243477598060585,0.0
4.9334819988114,3.1328050320116176,1.4224096107658193,0.0180671792819408,0.0
5.392191839480595,3.7024902049062143,1.3713426718879271,0.1964785044773792,0.0
4.789926957955758,3.4557092852006392,1.6388771507934736,0.0992796116787047,0.0
4.727031279627407,2.947961169557892,1.4179564186866007,0.0675078004840731,0.0
4.281798134893545,3.017000144197122,1.0519287299769031,0.1531286580560633,0.0
5.938175276791097,3.957950166906992,1.25684656262439,0.1504998883497001,0.0
5.7083380231805725,4.185203865528097,1.467663505766836,0.4821415547874327,0.0
5.449013204638753,3.875476673707909,1.211491131920243,0.4241934861397003,0.0
5.167637458600479,3.521931486446583,1.421203898575162,0.2289029496512543,0.0
5.790425718311751,3.732100229058738,1.787421995033868,0.2337731431366734,0.0
5.189403028912776,3.8178000430549592,1.4423066469204129,0.2476191452181072,0.0
5.374371543774514,3.3575477728641028,1.6193697114174437,0.1537238053311901,0.0
5.067984486605671,3.7299855381747937,1.450824009520137,0.4167062306638922,0.0
4.547776243502786,3.546699813513852,0.9156945524194966,0.1762505069043412,0.0
5.103205601775628,3.3006385195380648,1.679732626586118,0.4744579773265774,0.0
4.780925534113118,3.4846723734649503,1.8507063287666008,0.1366811401535635,0.0
5.050227879438613,3.0195272198535554,1.5918914790981111,0.1974639708270394,0.0
4.969915764149209,3.3046130592718965,1.5902979933313708,0.4783023320448588,0.0
5.168276835208999,3.526390477476592,1.4387198809609878,0.165291702653679,0.0
5.195209605069673,3.3920805250828905,1.381673667830501,0.1960857398228761,0.0
4.704906547727281,3.22580548901783,1.6498184243703662,0.2106664321251653,0.0
4.862826417547083,3.137702553167358,1.6897791486023674,0.2224670650480868,0.0
5.389453583557184,3.466580597636494,1.573531463863573,0.391912375781829,0.0
5.147607448331504,4.146728817970394,1.4426345950206143,0.1271289848291185,0.0
5.530446803169864,4.160659249621024,1.4377571092897117,0.2308946912441611,0.0
4.834331089215047,3.097842784102515,1.5338393310925884,0.1213837854791424,0.0
4.973822070214173,3.211835014150701,1.1795089586368863,0.1904605568663685,0.0
5.489009875510282,3.5146095660381387,1.2918260629205374,0.2089964200276139,0.0
4.878027647782324,3.1019179678617474,1.5318304303699029,0.0469766236326943,0.0
4.420659559621785,2.985544081751175,1.3669672504709132,0.1765133790595321,0.0
5.088450808960032,3.4259224015332217,1.4436880385371338,0.2082463936497431,0.0
4.951911562168932,3.5516136018280458,1.311258905714717,0.2545479479248541,0.0
4.515922327530991,2.332552516831968,1.2847349004865698,0.3677872969676986,0.0
4.39691771303746,3.162164593376096,1.341163469810781,0.3099761079060419,0.0
5.0489748923163935,3.478135422493468,1.6250678633856512,0.5988874392800445,0.0
5.060268980249525,3.7915164029432167,1.9694932311710225,0.3185214634374169,0.0
4.788878796971243,3.003746037794008,1.3190574456782844,0.3772160142994198,0.0
5.033494339706129,3.864969454452537,1.6294523429320864,0.1886800363234215,0.0
4.491048390957803,3.247430923026714,1.5558818247506443,0.242875327001904,0.0
5.260084994164791,3.621200835601611,1.5138260167196314,0.2103412483085363,0.0
4.984197291300321,3.261801817623137,1.3459484642980497,0.2640256286977266,0.0
6.982059990875727,3.263403328095194,4.773272063710063,1.4953116264508084,1.0
6.4584200157817655,3.1991416738986724,4.554840738614674,1.4629258495153563,1.0
6.92520446779017,3.102366183249852,4.91031253143239,1.4695063925493832,1.0
5.604457947688612,2.3686303456076847,4.012406115738119,1.1770553538116098,1.0
6.475214697539401,2.770006491892829,4.551127727730817,1.516374341500043,1.0
5.683448873163613,2.8483823963281005,4.409204733887979,1.35529374524212,1.0
6.347104462428713,3.3296108650831013,4.72638558449902,1.5550220529344387,1.0
4.890388114876034,2.46064716824646,3.251586818963992,1.0663595874611551,1.0
6.554487969733225,2.9291878311347435,4.694818954978692,1.3000596279132106,1.0
5.166358172430169,2.6912058366897056,3.828559259706453,1.379046501695666,1.0
5.05078061766182,2.104006533279298,3.470431053863236,0.9781003053659032,1.0
5.901579196183127,2.929726617016278,4.170746774350371,1.5005655853668871,1.0
5.93047931089936,2.240479743430355,4.077333851945897,0.9373910342153656,1.0
6.202036095046238,2.86099965176208,4.702100975599403,1.4417107642388576,1.0
5.592955765718121,2.964377814548284,3.6283405687931976,1.23125367120651,1.0
6.646118918519846,3.0832001008999232,4.369077035920893,1.5075261729422842,1.0
5.629401210823735,3.0810173641223946,4.422517092761337,1.483115676964834,1.0
5.761001153359253,2.702911387336047,4.116665395422834,1.015446979664676,1.0
6.192414817236639,2.1341709622782847,4.460665989343344,1.5127926125549274,1.0
5.581945153866185,2.474032571707512,3.9155541403056207,1.131302500432742,1.0
5.894663428078412,3.184782372995856,4.872467815097547,1.8431359113791783,1.0
6.128352278826694,2.826110086062947,3.9643434233884496,1.2982169527826963,1.0
6.274998682290807,2.4855938934925152,4.914955259096531,1.442638640318622,1.0
6.177209022645524,2.7729680802421988,4.659416953039133,1.1522774859696694,1.0
6.431695319705453,2.8613689350642177,4.298853370975936,1.3532892630411033,1.0
6.69148977300035,2.9841971115536605,4.355535756430193,1.382143546313348,1.0
6.801757391143541,2.861883053692297,4.776519213280371,1.4090927317870403,1.0
6.77336686951262,2.9111148296115363,5.008474403745783,1.669381661878857,1.0
5.979982969094651,2.883665011035784,4.568553409765867,1.4724199765786905,1.0
5.752727326780911,2.58116780461164,3.4379482920137887,1.0072443028494928,1.0
5.524698550605487,2.4625123719371893,3.856646063438501,1.1732259881862868,1.0
5.449454842291929,2.4401483350309823,3.6282495690048937,0.9880015338926368,1.0
5.833939310932442,2.776375420764382,3.963431235021152,1.2279565080592008,1.0
5.994414167304855,2.7553495509405197,5.045428408423123,1.5910593417065182,1.0
5.426389754720983,2.960462092466301,4.506125087174737,1.5464285507069249,1.0
6.037353404674127,3.4104379704636703,4.47937263959702,1.67047809270531,1.0
6.686988094366232,2.994783277515052,4.689053947378104,1.4512561150252232,1.0
6.290886080058044,2.317437902826121,4.443919073892593,1.3028913294692204,1.0
5.578373231859641,3.084444428745103,4.128903816046033,1.3039445542147206,1.0
5.530531368098704,2.4503768804755857,4.067735069656647,1.331285377381174,1.0
5.515482078383422,2.6167271161586294,4.437157384050824,1.178195878654159,1.0
6.016663264433207,2.9567450624395706,4.647530913051543,1.303586666013555,1.0
5.852273304772098,2.523596565073059,3.990593705663032,1.1993203635982888,1.0
4.918367344849197,2.3215807919147373,3.223892072780836,1.0756170059166072,1.0
5.703534389582575,2.7034715186228104,4.1916686111735615,1.2094642485350144,1.0
5.720862201932727,2.962909381075814,4.22739342059107,1.2186222515544325,1.0
5.729083428360064,2.965927335253878,4.1752019370165145,1.2688978411187364,1.0
6.241264680499706,2.841404938813221,4.239295827109991,1.302700173879569,1.0
5.105468692183204,2.466087732864285,2.949140724018702,1.0811650084691824,1.0
5.630431129152019,2.7140164037538264,4.10537763022776,1.2956543444206283,1.0
